<?xml version='1.1' encoding='UTF-8'?>
<com.cloudbees.plugins.credentials.SystemCredentialsProvider plugin="credentials@2.1.18">
  <domainCredentialsMap class="hudson.util.CopyOnWriteMap$Hash">
    <entry>
      <com.cloudbees.plugins.credentials.domains.Domain>
        <specifications/>
      </com.cloudbees.plugins.credentials.domains.Domain>
      <java.util.concurrent.CopyOnWriteArrayList>
        <com.cloudbees.plugins.credentials.impl.UsernamePasswordCredentialsImpl>
          <scope>GLOBAL</scope>
          <id>126da38f-57c5-4c8e-a09c-60eae093b16e</id>
          <description></description>
          <username>lavanya</username>
          <password>{AQAAABAAAAAQWUol8GZt5H0eazwQWwgKIZy/nzyRRT9hDyEYv094dlI=}</password>
        </com.cloudbees.plugins.credentials.impl.UsernamePasswordCredentialsImpl>
        <com.cloudbees.plugins.credentials.impl.UsernamePasswordCredentialsImpl>
          <scope>GLOBAL</scope>
          <id>306cf4d9-e907-4c9c-b43d-4149e6dc8b93</id>
          <description></description>
          <username>deployer</username>
          <password>{AQAAABAAAAAQowHbKhk/WRUVc+XfUfPdHBazq8o3ND51OencQpBO9Io=}</password>
        </com.cloudbees.plugins.credentials.impl.UsernamePasswordCredentialsImpl>
      </java.util.concurrent.CopyOnWriteArrayList>
    </entry>
  </domainCredentialsMap>
</com.cloudbees.plugins.credentials.SystemCredentialsProvider>