<?xml version='1.1' encoding='UTF-8'?>
<hudson.model.Queue_-State>
  <counter>42</counter>
  <items>
    <hudson.model.Queue_-BuildableItem>
      <actions>
        <hudson.model.CauseAction>
          <causeBag class="linked-hash-map">
            <entry>
              <hudson.model.Cause_-UserIdCause>
                <userId>QA1</userId>
              </hudson.model.Cause_-UserIdCause>
              <int>1</int>
            </entry>
          </causeBag>
        </hudson.model.CauseAction>
      </actions>
      <id>41</id>
      <task class="hudson.model.FreeStyleProject">Agent_job</task>
      <inQueueSince>1553679238048</inQueueSince>
      <buildableStartMilliseconds>1553679238078</buildableStartMilliseconds>
      <isPending>false</isPending>
    </hudson.model.Queue_-BuildableItem>
  </items>
</hudson.model.Queue_-State>