<?xml version='1.1' encoding='UTF-8'?>
<Tag plugin="workflow-support@3.2">
  <node class="cps.n.StepAtomNode" plugin="workflow-cps@2.65">
    <parentIds>
      <string>30</string>
    </parentIds>
    <id>31</id>
    <descriptorId>hudson.plugins.emailext.EmailExtStep</descriptorId>
  </node>
  <actions>
    <cps.a.ArgumentsActionImpl plugin="workflow-cps@2.65">
      <arguments>
        <entry>
          <string>body</string>
          <string>deploying the bat file is done</string>
        </entry>
        <entry>
          <string>subject</string>
          <string>successfully ran</string>
        </entry>
        <entry>
          <string>to</string>
          <string>lavanya@gmail.com</string>
        </entry>
      </arguments>
      <isUnmodifiedBySanitization>true</isUnmodifiedBySanitization>
    </cps.a.ArgumentsActionImpl>
    <wf.a.TimingAction plugin="workflow-api@2.33">
      <startTime>1553668784025</startTime>
    </wf.a.TimingAction>
    <s.a.LogStorageAction/>
  </actions>
</Tag>