<?xml version='1.1' encoding='UTF-8'?>
<Tag plugin="workflow-support@3.2">
  <node class="cps.n.StepAtomNode" plugin="workflow-cps@2.65">
    <parentIds>
      <string>6</string>
    </parentIds>
    <id>7</id>
    <descriptorId>jenkins.plugins.git.GitStep</descriptorId>
  </node>
  <actions>
    <cps.a.ArgumentsActionImpl plugin="workflow-cps@2.65">
      <arguments>
        <entry>
          <string>changelog</string>
          <boolean>false</boolean>
        </entry>
        <entry>
          <string>url</string>
          <string>https://github.com/LChowdary/Pipe-Job.git</string>
        </entry>
        <entry>
          <string>poll</string>
          <boolean>false</boolean>
        </entry>
      </arguments>
      <isUnmodifiedBySanitization>true</isUnmodifiedBySanitization>
    </cps.a.ArgumentsActionImpl>
    <wf.a.TimingAction plugin="workflow-api@2.33">
      <startTime>1553668625416</startTime>
    </wf.a.TimingAction>
    <s.a.LogStorageAction/>
  </actions>
</Tag>