<?xml version='1.1' encoding='UTF-8'?>
<hudson.model.UserIdMapper>
  <version>1</version>
  <idToDirectoryNameMap class="concurrent-hash-map">
    <entry>
      <string>qa1</string>
      <string>QA1_6761783169454678335</string>
    </entry>
    <entry>
      <string>lavanyachowdary94</string>
      <string>lavanyachowdar_1619211372244419262</string>
    </entry>
    <entry>
      <string>noreply</string>
      <string>noreply_2311201653423973107</string>
    </entry>
    <entry>
      <string>lavanya</string>
      <string>lavanya_2755419063691616875</string>
    </entry>
    <entry>
      <string>developer1</string>
      <string>developer1_850741174246197238</string>
    </entry>
  </idToDirectoryNameMap>
</hudson.model.UserIdMapper>